<?xml version="1.0" encoding="UTF-8" standalone="yes"?>
<addon id="plugin.video.mituk" name="Made In The UK" version="0.0.2" provider-name="Gandelf">
  <requires>
    <import addon="xbmc.python" version="2.1.0"/>
    <import addon="plugin.video.youtube"/>
  </requires>
  <extension point="xbmc.python.pluginsource" library="addon.py">
    <provides>video</provides>
  </extension>
  <extension point="xbmc.addon.metadata">
    <language>en</language>
    <summary lang="en">UK Punk at its best...</summary>
    <description lang="en">Bring you the best from the UK punk scene.</description>
    <disclaimer lang="en">This addon does not host any content.This addon does not form part of the Kodi Foundation. Please do not seek assistance with this addon from any of the Official Kodi Support Channels.</disclaimer>
    <platform>all</platform>
  </extension>
</addon>