<?xml version="1.0" encoding="UTF-8" standalone="yes"?>
<addon id="repository.ektos" name="Ektos Repo" version="1.0.1" provider-name="Gandelf">
	<extension point="xbmc.addon.repository" name="Ektos Repository">
		<dir>
			<info compressed="false">https://raw.githubusercontent.com/noobsandnerds/modules4all/master/zips/addons.xml</info>
			<checksum>https://raw.githubusercontent.com/noobsandnerds/modules4all/master/zips/addons.xml.md5</checksum>
			<datadir zip="true">https://raw.githubusercontent.com/noobsandnerds/modules4all/master/zips/</datadir>
		</dir>
		<info compressed="false">https://raw.githubusercontent.com/GandelfsRepo/repository.ektos/master/zips/addons.xml</info>
		<checksum>https://raw.githubusercontent.com/GandelfsRepo/repository.ektos/master/zips/addons.xml.md5</checksum>
		<datadir zip="true">https://raw.githubusercontent.com/GandelfsRepo/repository.ektos/master/zips/</datadir>
	</extension>
	<extension point="xbmc.addon.metadata">
		<summary lang="en">Ektos Repository</summary>
		<description lang="en">Home of Ektos Addons</description>
		<genre></genre>
	</extension>
</addon>